Configuration,Dataset,Time (sec),Throughput (GB/s),Cost per GB ($),Speedup vs Baseline,Cost Savings (%)
Baseline (gcc -O0),1 GB,42.3322,0.0236,0.00117589,1.00x,0.0%
Optimized 1 Thread,1 GB,23.5175,0.0425,0.00065327,1.80x,44.5%
Optimized 2 Threads,1 GB,13.3410,0.0750,0.00037058,3.17x,68.5%
Optimized 4 Threads,1 GB,7.6848,0.1301,0.00021347,5.51x,81.9%
Optimized 8 Threads,1 GB,7.8883,0.1268,0.00021912,5.36x,81.4%
Baseline (gcc -O0),2 GB,87.1689,0.0229,0.00121068,1.00x,0.0%
Optimized 1 Thread,2 GB,49.2152,0.0406,0.00068354,1.77x,43.6%
Optimized 2 Threads,2 GB,26.9396,0.0742,0.00037416,3.24x,69.1%
Optimized 4 Threads,2 GB,19.3038,0.1036,0.00026811,4.52x,77.9%
Optimized 8 Threads,2 GB,13.7052,0.1459,0.00019035,6.36x,84.3%
Baseline (gcc -O0),4 GB,180.9564,0.0221,0.00125664,1.00x,0.0%
Optimized 1 Thread,4 GB,103.0593,0.0388,0.00071569,1.76x,43.1%
Optimized 2 Threads,4 GB,56.4735,0.0708,0.00039218,3.21x,68.8%
Optimized 4 Threads,4 GB,40.1050,0.0997,0.00027851,4.51x,77.8%
Optimized 8 Threads,4 GB,28.5950,0.1399,0.00019858,6.33x,84.2%
